100,-nan,-nan,-nan
101.158,-nan,-nan,-nan
102.329,-nan,-nan,-nan
103.514,0.0844943,0.0965814,0.109603
104.713,0.0844944,0.0965814,0.109603
105.925,-nan,-nan,-nan
107.152,-nan,-nan,-nan
108.393,-nan,-nan,-nan
109.648,-nan,-nan,-nan
110.917,-nan,-nan,-nan
112.202,0.0844944,0.0965814,0.109603
113.501,0.0844958,0.0965831,0.109605
114.815,-nan,-nan,-nan
116.145,-nan,-nan,-nan
117.49,-nan,-nan,-nan
118.85,-nan,-nan,-nan
120.226,-nan,-nan,-nan
121.619,0.0844947,0.0965824,0.109604
123.027,0.0844943,0.0965814,0.109603
124.451,0.0844948,0.0965825,0.109605
125.893,-nan,-nan,-nan
127.35,-nan,-nan,-nan
128.825,-nan,-nan,-nan
130.317,-nan,-nan,-nan
131.826,-nan,-nan,-nan
133.352,-nan,-nan,-nan
134.896,0.0844945,0.0965823,0.109604
136.458,0.0844954,0.0965827,0.109605
138.038,0.0844954,0.0965827,0.109605
139.637,-nan,-nan,-nan
141.254,-nan,-nan,-nan
142.889,-nan,-nan,-nan
144.544,-nan,-nan,-nan
146.218,-nan,-nan,-nan
147.911,-nan,-nan,-nan
149.624,0.0844942,0.096582,0.109604
151.356,0.0844942,0.0965813,0.109603
153.109,0.0844942,0.0965814,0.109603
154.882,-nan,-nan,-nan
156.675,-nan,-nan,-nan
158.489,-nan,-nan,-nan
160.325,-nan,-nan,-nan
162.181,-nan,-nan,-nan
164.059,-nan,-nan,-nan
165.959,-nan,-nan,-nan
167.88,0.0844942,0.0965814,0.109603
169.824,0.0844938,0.0965817,0.109604
171.791,0.0844941,0.0965813,0.109603
173.78,0.0844941,0.0965814,0.109603
175.792,-nan,-nan,-nan
177.828,-nan,-nan,-nan
179.887,-nan,-nan,-nan
181.97,-nan,-nan,-nan
184.077,-nan,-nan,-nan
186.209,-nan,-nan,-nan
188.365,-nan,-nan,-nan
190.546,-nan,-nan,-nan
192.752,0.0844941,0.0965814,0.109603
194.984,0.0844941,0.0965814,0.109603
197.242,0.084494,0.0965813,0.109603
199.526,0.084494,0.0965813,0.109603
201.837,0.0844943,0.0965826,0.109604
204.174,-nan,-nan,-nan
206.538,-nan,-nan,-nan
208.93,-nan,-nan,-nan
211.349,-nan,-nan,-nan
213.796,-nan,-nan,-nan
216.272,-nan,-nan,-nan
218.776,-nan,-nan,-nan
221.309,-nan,-nan,-nan
223.872,0.0844939,0.0965822,0.109604
226.464,0.0844939,0.0965813,0.109603
229.087,0.0844954,0.0965829,0.109605
231.739,0.0844953,0.0965828,0.109605
234.423,0.0844943,0.0965828,0.109605
237.137,0.0844939,0.0965813,0.109603
239.883,-nan,-nan,-nan
242.661,-nan,-nan,-nan
245.471,-nan,-nan,-nan
248.313,-nan,-nan,-nan
251.189,-nan,-nan,-nan
254.097,-nan,-nan,-nan
257.04,-nan,-nan,-nan
260.016,-nan,-nan,-nan
263.027,-nan,-nan,-nan
266.073,-nan,-nan,-nan
269.153,0.0844935,0.0965821,0.109604
272.27,0.0844934,0.096582,0.109604
275.423,0.0844935,0.0965821,0.109604
278.612,0.0844935,0.0965822,0.109604
281.838,0.0844938,0.0965813,0.109603
285.102,0.0844938,0.0965813,0.109603
288.403,0.0844938,0.0965813,0.109603
291.743,0.084494,0.0965828,0.109605
295.121,-nan,-nan,-nan
298.538,-nan,-nan,-nan
301.995,-nan,-nan,-nan
305.492,-nan,-nan,-nan
309.03,-nan,-nan,-nan
312.608,-nan,-nan,-nan
316.228,-nan,-nan,-nan
319.89,-nan,-nan,-nan
323.594,-nan,-nan,-nan
327.341,-nan,-nan,-nan
331.131,-nan,-nan,-nan
334.965,0.0844936,0.0965812,0.109603
338.844,0.0844936,0.0965812,0.109603
342.768,0.0844936,0.0965812,0.109603
346.737,0.0844928,0.0965819,0.109604
350.752,0.0844928,0.0965819,0.109603
354.813,0.0844935,0.0965812,0.109603
358.922,0.0844935,0.0965812,0.109603
363.078,0.0844935,0.0965812,0.109603
367.282,0.0844935,0.0965812,0.109603
371.535,0.0844935,0.0965812,0.109603
375.837,0.0844949,0.0965828,0.109605
380.189,-nan,-nan,-nan
384.592,-nan,-nan,-nan
389.045,-nan,-nan,-nan
393.55,-nan,-nan,-nan
398.107,-nan,-nan,-nan
402.717,-nan,-nan,-nan
407.38,-nan,-nan,-nan
412.098,-nan,-nan,-nan
416.869,-nan,-nan,-nan
421.697,-nan,-nan,-nan
426.58,-nan,-nan,-nan
431.519,-nan,-nan,-nan
436.516,-nan,-nan,-nan
441.57,-nan,-nan,-nan
446.684,0.084493,0.0965828,0.109604
451.856,0.0844923,0.0965821,0.109604
457.088,0.0844926,0.0965825,0.109604
462.381,0.0844932,0.0965811,0.109603
467.735,0.0844932,0.0965812,0.109603
473.151,0.0844929,0.096583,0.109605
478.63,0.0844924,0.0965824,0.109604
484.172,0.0844929,0.096583,0.109605
489.779,0.0844931,0.0965811,0.109603
495.45,0.0844923,0.0965824,0.109604
501.187,0.0844945,0.0965827,0.109605
506.991,0.0844931,0.0965811,0.109603
512.861,0.0844922,0.0965825,0.109604
518.8,0.0844931,0.0965811,0.109603
524.807,0.0844944,0.0965827,0.109605
530.884,0.0844921,0.0965824,0.109604
537.032,-nan,-nan,-nan
543.25,-nan,-nan,-nan
549.541,-nan,-nan,-nan
555.904,-nan,-nan,-nan
562.341,-nan,-nan,-nan
568.853,-nan,-nan,-nan
575.44,-nan,-nan,-nan
582.103,-nan,-nan,-nan
588.844,-nan,-nan,-nan
595.662,-nan,-nan,-nan
602.56,-nan,-nan,-nan
609.537,-nan,-nan,-nan
616.595,-nan,-nan,-nan
623.735,-nan,-nan,-nan
630.957,-nan,-nan,-nan
638.263,-nan,-nan,-nan
645.654,-nan,-nan,-nan
653.131,-nan,-nan,-nan
660.693,-nan,-nan,-nan
668.344,0.084494,0.0965826,0.109604
676.083,0.084491,0.0965823,0.109603
683.912,0.0844925,0.0965809,0.109603
691.831,0.0844909,0.0965822,0.109603
699.842,0.0844913,0.0965828,0.109604
707.946,0.084491,0.0965824,0.109604
716.143,0.0844924,0.0965809,0.109602
724.436,0.0844908,0.0965823,0.109603
732.825,0.0844916,0.0965833,0.109605
741.31,0.0844914,0.0965832,0.109604
749.894,0.0844923,0.0965809,0.109602
758.578,0.0844915,0.0965835,0.109605
767.361,0.0844916,0.0965836,0.109605
776.247,0.0844922,0.0965809,0.109602
785.236,0.0844915,0.0965836,0.109605
794.328,0.0844914,0.0965836,0.109605
803.526,0.0844921,0.0965808,0.109602
812.831,0.084492,0.0965808,0.109602
822.243,0.0844904,0.0965826,0.109604
831.764,0.084492,0.0965808,0.109602
841.395,0.084491,0.0965834,0.109605
851.138,0.08449,0.0965823,0.109603
860.994,0.0844919,0.0965808,0.109602
870.964,0.0844933,0.0965824,0.109604
881.049,0.0844898,0.0965823,0.109603
891.251,0.0844918,0.0965808,0.109602
901.571,0.0844902,0.0965829,0.109604
912.011,0.0844918,0.0965808,0.109602
922.571,-nan,-nan,-nan
933.254,-nan,-nan,-nan
944.061,-nan,-nan,-nan
954.993,-nan,-nan,-nan
966.051,-nan,-nan,-nan
977.237,-nan,-nan,-nan
988.553,-nan,-nan,-nan
1000,-nan,-nan,-nan
1011.58,-nan,-nan,-nan
1023.29,-nan,-nan,-nan
1035.14,-nan,-nan,-nan
1047.13,-nan,-nan,-nan
1059.25,-nan,-nan,-nan
1071.52,-nan,-nan,-nan
1083.93,-nan,-nan,-nan
1096.48,-nan,-nan,-nan
1109.17,-nan,-nan,-nan
1122.02,-nan,-nan,-nan
1135.01,-nan,-nan,-nan
1148.15,-nan,-nan,-nan
1161.45,-nan,-nan,-nan
1174.9,-nan,-nan,-nan
1188.5,-nan,-nan,-nan
1202.26,-nan,-nan,-nan
1216.19,-nan,-nan,-nan
1230.27,-nan,-nan,-nan
1244.51,-nan,-nan,-nan
1258.93,-nan,-nan,-nan
1273.5,-nan,-nan,-nan
1288.25,-nan,-nan,-nan
1303.17,-nan,-nan,-nan
1318.26,-nan,-nan,-nan
1333.52,-nan,-nan,-nan
1348.96,0.0844877,0.0965834,0.109604
1364.58,0.0844903,0.0965804,0.109602
1380.38,0.0844903,0.0965804,0.109602
1396.37,0.0844917,0.096582,0.109603
1412.54,0.0844901,0.0965803,0.109601
1428.89,0.0844901,0.0965804,0.109601
1445.44,0.08449,0.0965803,0.109601
1462.18,0.08449,0.0965803,0.109601
1479.11,0.08449,0.0965803,0.109601
1496.24,0.0844899,0.0965803,0.109601
1513.56,0.0844861,0.0965828,0.109603
1531.09,0.0844897,0.0965802,0.109601
1548.82,0.0844897,0.0965803,0.109601
1566.75,0.0844897,0.0965803,0.109601
1584.89,0.0844862,0.0965834,0.109603
1603.25,0.0844859,0.0965832,0.109603
1621.81,0.0844895,0.0965802,0.109601
1640.59,0.0844854,0.0965829,0.109603
1659.59,0.0844859,0.0965836,0.109604
1678.8,0.0844855,0.0965832,0.109603
1698.24,0.0844892,0.0965801,0.109601
1717.91,0.0844856,0.0965837,0.109604
1737.8,0.0844891,0.0965801,0.109601
1757.92,0.084489,0.09658,0.109601
1778.28,0.084489,0.09658,0.109601
1798.87,0.0844903,0.0965816,0.109603
1819.7,0.0844844,0.096583,0.109603
1840.77,0.0844887,0.09658,0.109601
1862.09,0.0844851,0.0965841,0.109604
1883.65,0.0844886,0.0965799,0.109601
1905.46,0.0844842,0.0965835,0.109603
1927.52,0.0844843,0.0965837,0.109603
1949.84,0.0844884,0.0965799,0.109601
1972.42,0.0844837,0.0965834,0.109603
1995.26,0.0844883,0.0965799,0.109601
2018.37,0.0844882,0.0965799,0.109601
2041.74,0.0844893,0.0965811,0.109602
2065.38,0.084488,0.0965798,0.1096
2089.3,0.0844834,0.0965838,0.109603
2113.49,0.0844879,0.0965798,0.1096
2137.96,0.0844825,0.0965832,0.109602
2162.72,0.0844877,0.0965797,0.1096
2187.76,0.0844876,0.0965797,0.1096
2213.09,0.0844887,0.096581,0.109602
2238.72,0.0844875,0.0965796,0.1096
2264.64,0.0844828,0.0965844,0.109604
2290.87,0.0844818,0.0965835,0.109603
2317.39,0.0844872,0.0965796,0.1096
2344.23,0.0844871,0.0965796,0.1096
2371.37,0.084487,0.0965795,0.1096
2398.83,0.0844811,0.0965835,0.109602
2426.61,0.0844869,0.0965795,0.1096
2454.71,0.0844807,0.0965834,0.109602
2483.13,0.0844806,0.0965835,0.109602
2511.89,0.084481,0.0965842,0.109603
2540.97,0.0844865,0.0965794,0.1096
2570.4,0.0844873,0.0965805,0.109601
2600.16,0.0844806,0.0965844,0.109603
2630.27,0.0844797,0.0965836,0.109602
2660.73,0.0844799,0.096584,0.109603
2691.53,0.0844796,0.096584,0.109602
2722.7,0.0844791,0.0965836,0.109602
2754.23,0.0844858,0.0965792,0.109599
2786.12,0.0844857,0.0965792,0.109599
2818.38,0.0844786,0.0965837,0.109602
2851.02,0.0844784,0.0965837,0.109602
2884.03,0.0844782,0.0965838,0.109602
2917.43,0.0844853,0.0965791,0.109599
2951.21,0.0844852,0.0965791,0.109599
2985.38,0.084485,0.096579,0.109599
3019.95,0.0844778,0.0965842,0.109602
3054.92,0.0844848,0.096579,0.109599
3090.3,0.0844847,0.096579,0.109599
3126.08,0.0844846,0.0965789,0.109599
3162.28,0.0844845,0.0965789,0.109599
3198.9,0.0844769,0.0965846,0.109602
3235.94,0.0844762,0.096584,0.109602
3273.41,0.0844841,0.0965788,0.109599
3311.31,0.084484,0.0965788,0.109599
3349.65,0.0844845,0.0965795,0.109599
3388.44,0.0844753,0.0965841,0.109602
3427.68,0.0844753,0.0965844,0.109602
3467.37,0.084475,0.0965843,0.109602
3507.52,0.0844834,0.0965786,0.109598
3548.13,0.0844838,0.0965792,0.109599
3589.22,0.0844831,0.0965785,0.109598
3630.78,0.084483,0.0965785,0.109598
3672.82,0.0844828,0.0965784,0.109598
3715.35,0.0844827,0.0965784,0.109598
3758.37,0.0844734,0.0965847,0.109602
3801.89,0.0844729,0.0965844,0.109601
3845.92,0.0844728,0.0965845,0.109601
3890.45,0.0844821,0.0965783,0.109598
3935.5,0.084482,0.0965782,0.109598
3981.07,0.0844722,0.0965849,0.109602
4027.17,0.0844821,0.0965787,0.109598
4073.8,0.0844816,0.0965781,0.109597
4120.98,0.0844713,0.0965849,0.109601
4168.69,0.0844709,0.0965847,0.109601
4216.97,0.0844811,0.096578,0.109597
4265.8,0.0844809,0.096578,0.109597
4315.19,0.0844702,0.096585,0.109601
4365.16,0.0844697,0.0965848,0.109601
4415.7,0.0844804,0.0965778,0.109597
4466.84,0.0844803,0.0965778,0.109597
4518.56,0.084469,0.0965852,0.109601
4570.88,0.0844686,0.0965851,0.109601
4623.81,0.0844798,0.0965777,0.109597
4677.35,0.0844796,0.0965776,0.109597
4731.51,0.0844798,0.096578,0.109597
4786.3,0.0844674,0.0965852,0.109601
4841.72,0.0844791,0.0965775,0.109596
4897.79,0.0844789,0.0965774,0.109596
4954.5,0.0844664,0.0965854,0.109601
5011.87,0.084466,0.0965853,0.109601
5069.91,0.0844783,0.0965773,0.109596
5128.61,0.0844782,0.0965773,0.109596
5188,0.084465,0.0965855,0.109601
5248.07,0.0844778,0.0965772,0.109596
5308.84,0.0844779,0.0965774,0.109596
5370.32,0.0844774,0.0965771,0.109596
5432.5,0.0844637,0.0965858,0.109601
5495.41,0.0844633,0.0965858,0.1096
5559.04,0.0844629,0.0965858,0.1096
5623.41,0.0844766,0.0965769,0.109595
5688.53,0.084477,0.0965764,0.109595
5754.4,0.0844761,0.0965767,0.109595
5821.03,0.0844614,0.096586,0.1096
5888.44,0.0844757,0.0965766,0.109595
5956.62,0.0844755,0.0965766,0.109595
6025.6,0.0844602,0.0965861,0.1096
6095.37,0.0844598,0.0965862,0.1096
6165.95,0.0844748,0.0965764,0.109594
6237.35,0.0844749,0.0965767,0.109595
6309.57,0.0844586,0.0965863,0.1096
6382.63,0.0844741,0.0965762,0.109594
6456.54,0.0844578,0.0965865,0.1096
6531.31,0.0844573,0.0965865,0.1096
6606.93,0.0844736,0.0965762,0.109594
6683.44,0.0844734,0.0965762,0.109594
6760.83,0.084819,0.0963579,0.109466
6839.12,0.0844727,0.0965759,0.109593
6918.31,0.0844552,0.0965869,0.1096
6998.42,0.0846904,0.0964391,0.109513
7079.46,0.0844721,0.0965759,0.109593
7161.43,0.0844718,0.0965758,0.109593
7244.36,0.0844532,0.0965871,0.109599
7328.25,0.0844713,0.0965757,0.109593
7413.1,0.0844708,0.0965754,0.109592
7498.94,0.0844711,0.0965752,0.109592
7585.78,0.0844513,0.0965873,0.109599
7673.61,0.0844508,0.0965874,0.109599
7762.47,0.0844503,0.0965875,0.109599
7852.36,0.0844695,0.0965752,0.109592
7943.28,0.0844492,0.0965876,0.109599
8035.26,0.0875122,0.0977294,0.109954
8128.31,0.0844482,0.0965877,0.109599
8222.43,0.0843559,0.0966461,0.109633
8317.64,0.0844471,0.0965879,0.109599
8413.95,0.0844678,0.0965744,0.109591
8511.38,0.084446,0.096588,0.109599
8609.94,0.0844455,0.0965882,0.109599
8709.64,0.0849424,0.0962818,0.109419
8810.49,0.0841565,0.0967704,0.109705
8912.51,0.0844649,0.0965748,0.109591
9015.71,0.0939991,0.109684,0.115305
9120.11,0.0844654,0.0965741,0.10959
9225.71,0.0844419,0.0965886,0.109598
9332.54,0.0844111,0.0966076,0.109609
9440.61,0.0844825,0.0965622,0.109583
9549.93,0.101963,0.0921215,0.106327
9660.51,0.0844633,0.0965739,0.109589
9772.37,0.0844358,0.0965908,0.109599
9885.53,0.0844374,0.0965895,0.109598
10000,0.0844624,0.0965734,0.109589
10115.8,0.0844623,0.0965732,0.109588
10232.9,0.0844618,0.0965732,0.109588
10351.4,0.0844615,0.0965731,0.109588
10471.3,0.084461,0.0965729,0.109588
10592.5,0.0844318,0.096591,0.109598
10715.2,0.0844334,0.0965898,0.109597
10839.3,0.0844326,0.0965897,0.109597
10964.8,0.0844319,0.0965898,0.109597
11091.7,0.0844312,0.09659,0.109597
11220.2,0.0844585,0.0965722,0.109587
11350.1,0.333018,0.021243,0.0574228
11481.5,0.0780154,0.100771,0.112022
11614.5,0.0763704,0.102556,0.112987
11749,0.0844568,0.0965723,0.109586
11885,0.0434094,0.149079,0.137521
12022.6,0.0902627,0.211265,0.164523
12161.9,0.0844175,0.0965969,0.109601
12302.7,0.0858118,0.0957214,0.109089
12445.1,0.0967472,0.0900092,0.105637
12589.3,0.193366,0.175207,0.140565
12735,0.0844523,0.0965692,0.109582
12882.5,0.0841602,0.096759,0.109695
13031.7,0.0846055,0.0964716,0.109525
13182.6,0.0844676,0.0965571,0.109575
13335.2,0.0490995,0.12383,0.124981
13489.6,0.0915867,0.287325,0.201114
13645.8,0.22791,0.0448483,0.0755011
13803.8,0.165236,0.0652095,0.0893128
13963.7,0.083067,0.0974434,0.110089
14125.4,0.254101,0.0427363,0.0728134
14288.9,0.158632,0.0779207,0.0958626
14454.4,0.0840451,0.0968263,0.10973
14621.8,0.0837723,0.0969951,0.109829
14791.1,0.488146,0.0347126,0.0540314
14962.4,0.0844432,0.0965653,0.109577
15135.6,0.0815601,0.0984031,0.110642
15310.9,0.0844541,0.0965782,0.109591
15488.2,0.0270945,0.161026,0.144303
15667.5,0.119686,0.105938,0.111845
15848.9,0.114086,0.0805806,0.09998
16032.5,0.128687,0.109761,0.113131
16218.1,0.419696,0.0851476,0.0827119
16405.9,0.0556577,0.324401,0.221276
16595.9,0.0634936,0.111284,0.118001
16788,0.70736,0.0252007,0.0354766
16982.4,0.14259,0.140423,0.12702
17179.1,0.185598,0.120562,0.114703
17378,0.142411,0.0701817,0.0931629
17579.2,0.527399,0.00319406,0.0363303
17782.8,0.0980505,0.0899171,0.105518
17988.7,0.207218,0.0477231,0.0781929
18197,0.439614,0.145652,0.110616
18407.7,0.146847,0.275487,0.191876
18620.9,0.388696,0.0428268,0.0642777
18836.5,0.592239,0.00877975,0.0348922
19054.6,0.24494,0.0596273,0.0815453
19275.2,0.117721,0.13157,0.124312
19498.4,0.419992,0.0234129,0.0529258
19724.2,0.31255,0.335314,0.210165
19952.6,0.163165,0.316054,0.210395
20183.7,0.0640196,0.245047,0.182477
20417.4,0.0261717,0.333782,0.227669
20653.8,0.123802,0.165447,0.140267
20893,0.147121,0.130927,0.122167
21134.9,0.442175,0.170268,0.12232
21379.6,0.773181,0.0132606,0.0255243
21627.2,0.593499,0.0853134,0.0717145
21877.6,0.12745,0.477663,0.290593
22130.9,0.806833,0.00358034,0.0187126
22387.2,0.519881,0.189482,0.126633
22646.4,0.0106686,0.294755,0.20984
22908.7,0.504241,0.104814,0.086803
23173.9,0.194024,0.446651,0.27139
23442.3,0.454695,0.245977,0.158025
23713.7,0.531296,0.107696,0.0864684
23988.3,0.58515,0.13719,0.0972589
24266.1,0.372217,0.152252,0.118114
24547.1,0.43366,0.0535768,0.0665858
24831.3,0.624252,0.154459,0.103094
25118.9,0.824639,0.0605157,0.045016
25409.7,0.817258,0.0103131,0.0212943
25704,0.144393,0.414506,0.259051
26001.6,0.864989,0.0390326,0.0321897
26302.7,0.0289946,0.318199,0.219911
26607.3,0.118658,0.464971,0.285021
26915.3,0.172361,0.323294,0.213304
27227,0.489906,0.0406898,0.0568355
27542.3,0.0919903,0.372368,0.242038
27861.2,0.196685,0.158885,0.132516
28183.8,0.669455,0.150458,0.0982928
28510.2,0.690115,0.103767,0.0744532
28840.3,0.222136,0.0802682,0.0929954
29174.3,0.39693,0.0599248,0.0720236
29512.1,0.564939,0.0744384,0.0682609
29853.8,0.0774921,0.295264,0.205787
30199.5,0.650417,0.10818,0.0790824
30549.2,0.0078495,0.285487,0.205458
30903,0.164246,0.430795,0.265633
31260.8,0.852169,0.0358085,0.0313676
31622.8,0.69644,0.0682599,0.0570137
31989,0.330058,0.224159,0.155368
32359.4,0.179279,0.414128,0.256559
32734.1,0.65064,0.0221243,0.0376689
33113.1,0.647211,0.210487,0.10959
33496.5,0.095396,0.425251,0.267248
33884.4,0.629882,0.0411659,0.048038
34276.8,0.267262,0.223222,0.159028
34673.7,0.914042,0.0165244,0.0181532
35075.2,0.129758,0.482233,0.292606
35481.3,0.885224,0.0551322,0.0303819
35892.2,0.806156,0.0757612,0.0534708
36307.8,0.314226,0.322919,0.204023
36728.2,0.932875,0.00842306,0.0133625
37153.5,0.781864,0.104109,0.0697215
37583.7,0.471116,0.210514,0.139794
38018.9,0.859724,0.0554397,0.0425177
38459.2,0.432881,0.305741,0.236274
38904.5,0.513396,0.195386,0.129861
39355,0.424508,0.352618,0.189445
39810.7,0.544701,0.140426,0.101402
40271.7,0.112271,0.461459,0.283628
40738,0.569757,0.0823128,0.0717104
41209.8,0.329031,0.327095,0.205015
41686.9,0.677442,0.172577,0.106611
42169.7,0.386962,0.354216,0.213066
42658,0.284494,0.403495,0.244861
43151.9,0.316448,0.395277,0.244677
43651.6,0.336142,0.253367,0.169099
44157,0.395197,0.325732,0.200203
44668.4,0.707819,0.132583,0.0873515
45185.6,0.678597,0.152733,0.098727
45708.8,0.222307,0.412765,0.253257
46238.1,0.820501,0.0658607,0.0480634
46773.5,0.837687,0.0291388,0.0291199
47315.1,0.929863,0.0110376,0.0143149
47863,0.919475,0.0511239,0.0115044
48417.2,0.416285,0.338124,0.228116
48977.9,0.801753,0.0720718,0.0520285
49545,0.14114,0.492935,0.296975
50118.7,0.707426,0.152337,0.0941885
50699.1,0.197155,0.474747,0.28312
51286.1,0.936799,0.0198492,0.020405
51880,0.210612,0.461837,0.281945
52480.7,0.434413,0.310031,0.228557
53088.4,0.171116,0.433046,0.382315
53703.2,0.919506,0.0141517,0.0168835
54325,0.878732,0.0517168,0.0493522
54954.1,0.26638,0.418435,0.253536
55590.4,0.823382,0.0794767,0.0780385
56234.1,0.938496,0.0102354,0.0143078
56885.3,0.853278,0.0601688,0.0446854
57544,0.602633,0.265441,0.109609
58210.3,0.700164,0.170493,0.10406
58884.4,0.885572,0.0555006,0.0341043
59566.2,0.546588,0.244445,0.150847
60256,0.477219,0.330247,0.166098
60953.7,0.724381,0.140542,0.0879581
61659.5,0.369774,0.394584,0.215947
62373.5,0.914432,0.052887,0.0134306
63095.7,0.898605,0.0279234,0.0546305
63826.3,0.863194,0.0706766,0.0395044
64565.4,0.77061,0.117498,0.0939822
65313.1,0.555527,0.216329,0.210561
66069.3,0.173004,0.45787,0.355414
66834.4,0.354209,0.441788,0.190128
67608.3,0.887994,0.0750757,0.0220688
68391.2,0.43878,0.407089,0.1398
69183.1,0.161221,0.607962,0.220664
69984.2,0.377442,0.365224,0.229678
70794.6,0.580217,0.20398,0.197253
71614.3,0.919868,0.0259328,0.034046
72443.6,0.877282,0.0825213,0.022743
73282.5,0.171652,0.447817,0.358041
74131,0.337546,0.376539,0.227984
74989.4,0.236131,0.49593,0.250061
75857.8,0.822109,0.0586047,0.108782
76736.1,0.935466,0.0135538,0.0237636
77624.7,0.251015,0.533883,0.211438
78523.6,0.315413,0.476073,0.196728
79432.8,0.633356,0.145923,0.217376
80352.6,0.863001,0.0887723,0.0421354
81283.1,0.396947,0.333944,0.25467
82224.3,0.400358,0.290421,0.299033
83176.4,0.594501,0.230196,0.158801
84139.5,0.626897,0.276944,0.0887986
85113.8,0.147776,0.648338,0.201312
86099.4,0.179689,0.589353,0.226207
87096.4,0.40814,0.427832,0.155609
88104.9,0.256547,0.548662,0.185048
89125.1,0.8668,0.0359127,0.093083
90157.1,0.785991,0.17068,0.0374934
91201.1,0.331069,0.308685,0.356381
92257.1,0.835507,0.101663,0.0483265
93325.4,0.934073,0.0301903,0.0248965
94406.1,0.809947,0.119838,0.0537047
95499.3,0.523717,0.35271,0.112739
96605.1,0.492505,0.257075,0.248803
97723.7,0.350066,0.453608,0.188278
98855.3,0.604777,0.256611,0.133184
100000,0.250786,0.574958,0.171528
101158,0.217218,0.571261,0.208906
102329,0.923124,0.0268088,0.0403558
103514,0.896549,0.0509201,0.0479294
104713,0.319388,0.430351,0.244863
105925,0.454122,0.396831,0.145826
107152,0.865058,0.041579,0.0795663
108393,0.74345,0.122202,0.131379
109648,0.974672,0.022805,0.0015433
110917,0.324297,0.307895,0.366874
112202,0.877959,0.0779025,0.0423955
113501,0.471451,0.255504,0.272193
114815,0.65484,0.257688,0.0828961
116145,0.410872,0.447187,0.139643
117490,0.804439,0.113508,0.0805741
118850,0.943708,0.0486761,0.00356723
120226,0.898056,0.050238,0.0406313
121619,0.907955,0.0651889,0.0179448
123027,0.651163,0.146549,0.197128
124451,0.209624,0.377571,0.409407
125893,0.224682,0.391559,0.381545
127350,0.477543,0.244778,0.267349
128825,0.611125,0.179738,0.199195
130317,0.571817,0.19484,0.229055
131826,0.640732,0.20795,0.144681
133352,0.154542,0.649309,0.19563
134896,0.152293,0.595534,0.249896
136458,0.896953,0.0295381,0.0711293
138038,0.96957,0.00514824,0.0226688
139637,0.143677,0.654085,0.201957
141254,0.178926,0.61351,0.206864
142889,0.379014,0.458936,0.161762
144544,0.248849,0.485573,0.265059
146218,0.755822,0.136267,0.107705
147911,0.187297,0.48877,0.321351
149624,0.209582,0.573109,0.216394
151356,0.483162,0.245952,0.259331
153109,0.913573,0.0516091,0.0335473
154882,0.176384,0.449852,0.370316
156675,0.191213,0.593133,0.214457
158489,0.168346,0.431869,0.387067
160325,0.97532,0.0215931,0.0010172
162181,0.53822,0.238065,0.220873
164059,0.59627,0.316259,0.0865512
165959,0.801836,0.0797822,0.115684
167880,0.649449,0.15732,0.184933
169824,0.395348,0.375404,0.228409
171791,0.93372,0.05128,0.0125603
173780,0.912674,0.042572,0.0425206
175792,0.500871,0.379478,0.118918
177828,0.87827,0.104049,0.0151803
179887,0.989102,0.000866382,0.00778424
181970,0.753818,0.167038,0.0781202
184077,0.790416,0.175544,0.0329434
186209,0.922144,0.0690986,0.00602883
188365,0.978159,0.0152739,0.00209217
190546,0.361462,0.390263,0.247398
192752,0.203171,0.584311,0.210436
194984,0.189338,0.385147,0.42324
197242,0.143398,0.656612,0.199526
199526,0.163272,0.551269,0.2844
201837,0.389011,0.336013,0.273878
204174,0.83615,0.135888,0.0274732
206538,0.1856,0.607586,0.206579
208930,0.45992,0.428329,0.111381
211349,0.278628,0.526288,0.194305
213796,0.469178,0.404379,0.125767
216272,0.184433,0.477842,0.337269
218776,0.842224,0.0943964,0.0632544
221309,0.313015,0.492471,0.194218
223872,0.755726,0.207899,0.0363185
226464,0.232898,0.583217,0.18383
229087,0.636538,0.15419,0.209168
231739,0.215091,0.384556,0.400205
234423,0.916152,0.0363814,0.0471371
237137,0.648425,0.135193,0.216203
239883,0.733251,0.165725,0.100937
242661,0.860435,0.124743,0.0145762
245471,0.738667,0.0899303,0.170894
248313,0.173752,0.466805,0.358592
251189,0.287561,0.335367,0.376504
254097,0.797391,0.104217,0.0979509
257040,0.278891,0.474906,0.246073
260016,0.858365,0.0411146,0.100109
263027,0.868809,0.106622,0.0245084
266073,0.95981,0.0201283,0.0193455
269153,0.188443,0.405862,0.405657
272270,0.926456,0.011436,0.0619224
275423,0.543598,0.313997,0.142053
278612,0.382674,0.281005,0.336186
281838,0.267113,0.521102,0.211694
285102,0.430454,0.444218,0.125156
288403,0.893481,0.0374028,0.0689517
291743,0.931016,0.0481952,0.020749
295121,0.200174,0.454336,0.34536
298538,0.736644,0.181093,0.0821556
301995,0.852624,0.0683011,0.0789885
305492,0.247847,0.525459,0.226596
309030,0.732555,0.17028,0.0971344
312608,0.266377,0.500543,0.232916
316228,0.392142,0.268655,0.33916
319890,0.863619,0.0444956,0.0918585
323594,0.19501,0.38073,0.424208
327341,0.150295,0.641336,0.208307
331131,0.182292,0.445792,0.37188
334965,0.287006,0.450805,0.262166
338844,0.475591,0.263268,0.261076
342768,0.562764,0.33207,0.105062
346737,0.191353,0.449641,0.358866
350752,0.594226,0.165595,0.24016
354813,0.836342,0.0744973,0.0889274
358922,0.993366,0.00537879,0.00122977
363078,0.682631,0.265505,0.0518056
367282,0.994206,0.0055368,0.000225686
371535,0.727468,0.165744,0.106759
375837,0.299519,0.387559,0.312915
380189,0.166395,0.48338,0.350204
384592,0.188083,0.481479,0.330165
389045,0.934221,0.0203213,0.045438
393550,0.930036,0.0388645,0.0310935
398107,0.220565,0.450991,0.328422
402717,0.691531,0.24472,0.0637439
407380,0.439049,0.381023,0.179876
412098,0.214463,0.374876,0.410645
416869,0.162634,0.610213,0.227134
421697,0.221203,0.57412,0.204586
426580,0.904095,0.0806992,0.0151974
431519,0.456987,0.411456,0.131541
436516,0.187706,0.577047,0.235228
441570,0.270959,0.56817,0.160826
446684,0.175552,0.444399,0.380045
451856,0.616354,0.315046,0.0685929
457088,0.224445,0.586196,0.189316
462381,0.89724,0.0273056,0.075423
467735,0.906432,0.0411217,0.0524312
473151,0.903646,0.0188335,0.0774862
478630,0.195674,0.377671,0.4266
484172,0.226768,0.485662,0.287567
489779,0.517797,0.238866,0.243252
495450,0.185509,0.399234,0.415236
501187,0.243125,0.352176,0.404677
506991,0.180953,0.392262,0.426778
512861,0.45366,0.436511,0.109802
518800,0.491445,0.348557,0.159994
524807,0.478556,0.369866,0.151551
530884,0.571177,0.349016,0.0797962
537032,0.521791,0.348484,0.129701
543250,0.195348,0.402828,0.401821
549541,0.298251,0.49983,0.201916
555904,0.676554,0.122483,0.200932
562341,0.543783,0.213042,0.243159
568853,0.481965,0.400752,0.117273
575440,0.564855,0.310162,0.124976
582103,0.956524,0.0334226,0.0100226
588844,0.523318,0.38306,0.0936134
595662,0.602929,0.218015,0.179029
602560,0.493976,0.403743,0.102275
609537,0.522225,0.232017,0.245748
616595,0.755606,0.196023,0.0483672
623735,0.220207,0.386811,0.392979
630957,0.879066,0.0327176,0.0882152
638263,0.503,0.262445,0.234542
645654,0.888412,0.0433168,0.0682703
653131,0.976242,0.0125866,0.0111392
660693,0.509834,0.246086,0.24408
668344,0.470975,0.422148,0.106876
676083,0.918568,0.0339033,0.047527
683912,0.647406,0.242384,0.110188
691831,0.843074,0.0927637,0.0641594
699842,0.976548,0.00661383,0.0168358
707946,0.93593,0.0325259,0.0315368
716143,0.330732,0.314329,0.354938
724436,0.931357,0.0261296,0.0425055
732825,0.467861,0.426538,0.1056
741310,0.930242,0.0252957,0.0444488
749894,0.383288,0.275743,0.340967
758578,0.323499,0.313091,0.363406
767361,0.612793,0.272462,0.114744
776247,0.460487,0.364389,0.175122
785236,0.74292,0.152108,0.104969
794328,0.965865,0.0288077,0.00532381
803526,0.742258,0.0962468,0.161492
812831,0.282951,0.552601,0.164445
822243,0.407398,0.377674,0.214928
831764,0.213707,0.369993,0.416298
841395,0.800557,0.16957,0.0298622
851138,0.935505,0.0291973,0.0352967
860994,0.888806,0.0505798,0.0606144
870964,0.344624,0.442691,0.212683
881049,0.338454,0.474854,0.186692
891251,0.91332,0.0269396,0.0597393
901571,0.966536,0.00399021,0.0294684
912011,0.841698,0.111344,0.046955
922571,0.75831,0.195275,0.0464142
933254,0.978869,0.00131274,0.0198151
944061,0.750436,0.124759,0.124805
954993,0.684582,0.173567,0.141851
966051,0.331871,0.513531,0.154597
977237,0.158887,0.630548,0.210565
988553,0.842307,0.129827,0.0278653
1e+06,0.827602,0.14128,0.0311149
1.01158e+06,0.184648,0.383572,0.431779
1.02329e+06,0.80688,0.0768733,0.116246
1.03514e+06,0.751023,0.165406,0.0835686
1.04713e+06,0.240924,0.406372,0.352703
1.05925e+06,0.925205,0.0166508,0.0581423
1.07152e+06,0.195427,0.447699,0.356874
1.08393e+06,0.173398,0.554188,0.272412
1.09648e+06,0.71249,0.241273,0.0462364
1.10917e+06,0.747113,0.132787,0.120099
1.12202e+06,0.561607,0.245308,0.193084
1.13501e+06,0.422198,0.269939,0.307862
1.14815e+06,0.190791,0.385785,0.423423
1.16145e+06,0.596199,0.215081,0.18872
1.1749e+06,0.563328,0.206362,0.230309
1.1885e+06,0.263381,0.573219,0.1634
1.20226e+06,0.176708,0.620752,0.20254
1.21619e+06,0.890576,0.0785887,0.0308345
1.23027e+06,0.87408,0.0646125,0.0613067
1.24451e+06,0.644394,0.217463,0.138142
1.25893e+06,0.908376,0.0449513,0.0466712
1.2735e+06,0.436954,0.440763,0.122283
1.28825e+06,0.519329,0.301819,0.178851
1.30317e+06,0.294777,0.467116,0.238106
1.31826e+06,0.874123,0.0302427,0.0956344
1.33352e+06,0.182573,0.583357,0.234069
1.34896e+06,0.526975,0.325894,0.147129
1.36458e+06,0.97527,0.00826829,0.0164607
1.38038e+06,0.449117,0.361748,0.189134
1.39637e+06,0.420898,0.298772,0.28033
1.41254e+06,0.344484,0.445576,0.20994
1.42889e+06,0.506742,0.272499,0.22076
1.44544e+06,0.966528,0.0123016,0.0211706
1.46218e+06,0.430018,0.314112,0.25587
1.47911e+06,0.852039,0.11325,0.0347102
1.49624e+06,0.403901,0.358882,0.237216
1.51356e+06,0.453894,0.240495,0.30561
1.53109e+06,0.463441,0.428332,0.108225
1.54882e+06,0.483886,0.326608,0.189506
1.56675e+06,0.518241,0.203116,0.278643
1.58489e+06,0.278024,0.355516,0.366459
1.60325e+06,0.620817,0.309,0.0701835
1.62181e+06,0.221439,0.500654,0.277907
1.64059e+06,0.606931,0.16009,0.232979
1.65959e+06,0.927356,0.0623603,0.0102838
1.6788e+06,0.869742,0.115355,0.014903
1.69824e+06,0.246309,0.51,0.243691
1.71791e+06,0.920066,0.0182702,0.061664
1.7378e+06,0.91829,0.0377311,0.0439789
1.75792e+06,0.723555,0.15181,0.124635
1.77828e+06,0.681704,0.118227,0.200069
1.79887e+06,0.86364,0.120469,0.0158908
1.8197e+06,0.282133,0.340125,0.377742
1.84077e+06,0.743491,0.149705,0.106803
1.86209e+06,0.636764,0.186378,0.176857
1.88365e+06,0.954323,0.0147945,0.0308825
1.90546e+06,0.719647,0.222483,0.0578697
1.92752e+06,0.291377,0.331112,0.377511
1.94984e+06,0.40043,0.316424,0.283146
1.97242e+06,0.883003,0.081148,0.0358485
1.99526e+06,0.724156,0.153539,0.122305
2.01837e+06,0.496386,0.276335,0.227279
2.04174e+06,0.874772,0.0291168,0.0961115
2.06538e+06,0.913851,0.076948,0.00920067
2.0893e+06,0.159359,0.64982,0.190821
2.11349e+06,0.730169,0.182844,0.086986
2.13796e+06,0.930573,0.00993923,0.0594878
2.16272e+06,0.294877,0.514617,0.190506
2.18776e+06,0.602032,0.284614,0.113354
2.21309e+06,0.295863,0.346604,0.357533
2.23872e+06,0.790889,0.137806,0.0713052
2.26464e+06,0.382517,0.276321,0.341162
2.29087e+06,0.476496,0.270697,0.252807
2.31739e+06,0.268506,0.365956,0.365537
2.34423e+06,0.220863,0.59362,0.185517
2.37137e+06,0.462683,0.235057,0.30226
2.39883e+06,0.945892,0.0453031,0.00880468
2.42661e+06,0.272408,0.521924,0.205668
2.45471e+06,0.770071,0.198278,0.0316514
2.48313e+06,0.269757,0.365238,0.365005
2.51189e+06,0.295156,0.33058,0.374265
2.54097e+06,0.353151,0.371029,0.27582
2.5704e+06,0.191363,0.435617,0.37302
2.60016e+06,0.995054,0.00470997,0.000235911
2.63027e+06,0.38816,0.273833,0.338007
2.66073e+06,0.921114,0.0486238,0.0302623
2.69153e+06,0.192508,0.631915,0.175577
2.7227e+06,0.898668,0.0379942,0.0633375
2.75423e+06,0.783017,0.184515,0.0324682
2.78612e+06,0.481884,0.345672,0.172444
2.81838e+06,0.912532,0.0372371,0.0502314
2.85102e+06,0.400633,0.47477,0.124597
2.88403e+06,0.379838,0.28441,0.335752
2.91743e+06,0.482122,0.270125,0.247753
2.95121e+06,0.16949,0.627701,0.202809
2.98538e+06,0.744232,0.0853575,0.170411
3.01995e+06,0.216364,0.440767,0.342869
3.05492e+06,0.712024,0.111349,0.176627
3.0903e+06,0.865264,0.121403,0.0133328
3.12608e+06,0.625926,0.298067,0.0760065
3.16228e+06,0.930474,0.0328625,0.0366636
3.1989e+06,0.536823,0.217838,0.245339
3.23594e+06,0.214229,0.609687,0.176085
3.27341e+06,0.397426,0.38782,0.214753
3.31131e+06,0.469729,0.250017,0.280254
3.34965e+06,0.735141,0.188343,0.076516
3.38844e+06,0.71639,0.220559,0.0630511
3.42768e+06,0.184778,0.538396,0.276826
3.46737e+06,0.785052,0.069442,0.145506
3.50752e+06,0.327286,0.337378,0.335336
3.54813e+06,0.383821,0.294282,0.321897
3.58922e+06,0.800556,0.0811312,0.118313
3.63078e+06,0.989471,0.0033398,0.00718913
3.67282e+06,0.228228,0.513519,0.258253
3.71535e+06,0.213981,0.410559,0.37546
3.75837e+06,0.646727,0.260059,0.0932143
3.80189e+06,0.540117,0.341174,0.118709
3.84592e+06,0.580643,0.197257,0.222099
3.89045e+06,0.839238,0.0573543,0.103408
3.9355e+06,0.641501,0.142738,0.21576
3.98107e+06,0.633835,0.24907,0.117095
4.02717e+06,0.628779,0.254111,0.11711
4.0738e+06,0.326656,0.312233,0.36111
4.12098e+06,0.306817,0.512072,0.181111
4.16869e+06,0.519553,0.21421,0.266237
4.21697e+06,0.266735,0.414796,0.318469
4.2658e+06,0.860844,0.093517,0.0456394
4.31519e+06,0.78678,0.182885,0.0303346
4.36516e+06,0.424209,0.364562,0.21123
4.4157e+06,0.998177,0.00156578,0.000256829
4.46684e+06,0.96473,4.99106e-05,0.0352204
4.51856e+06,0.195575,0.628279,0.176146
4.57088e+06,0.916796,0.0150828,0.0681213
4.62381e+06,0.376695,0.484826,0.138479
4.67735e+06,0.84202,0.0797485,0.0782316
4.73151e+06,0.309039,0.546433,0.144528
4.7863e+06,0.974163,0.0218868,0.00395006
4.84172e+06,0.31411,0.414162,0.271728
4.89779e+06,0.800743,0.0795269,0.11973
4.9545e+06,0.967579,0.0306809,0.00174037
5.01187e+06,0.791369,0.11083,0.0978015
5.06991e+06,0.888325,0.0929381,0.0187374
5.12861e+06,0.262257,0.50558,0.232163
5.188e+06,0.915517,0.0398615,0.0446215
5.24807e+06,0.479714,0.387154,0.133131
5.30884e+06,0.920901,0.0392909,0.0398085
5.37032e+06,0.848621,0.0455238,0.105855
5.4325e+06,0.899294,0.0285074,0.072199
5.49541e+06,0.967591,0.000872134,0.0315373
5.55904e+06,0.922085,0.0317191,0.0461955
5.62341e+06,0.345774,0.520119,0.134107
5.68853e+06,0.51976,0.348981,0.131259
5.7544e+06,0.729914,0.114902,0.155183
5.82103e+06,0.736034,0.226964,0.0370012
5.88844e+06,0.891391,0.0335932,0.0750162
5.95662e+06,0.246251,0.475691,0.278058
6.0256e+06,0.276305,0.563103,0.160593
6.09537e+06,0.909512,0.0724898,0.0179982
6.16595e+06,0.627992,0.192123,0.179886
6.23735e+06,0.77628,0.183077,0.0406428
6.30957e+06,0.53813,0.215555,0.246314
6.38263e+06,0.453737,0.375514,0.170749
6.45654e+06,0.394783,0.367124,0.238093
6.53131e+06,0.90795,0.0605792,0.0314705
6.60693e+06,0.876908,0.0539337,0.069158
6.68344e+06,0.24537,0.5727,0.18193
6.76083e+06,0.245396,0.362442,0.392162
6.83912e+06,0.518928,0.221343,0.259729
6.91831e+06,0.835555,0.0380673,0.126377
6.99842e+06,0.393195,0.338366,0.268438
7.07946e+06,0.98163,0.00673164,0.011638
7.16143e+06,0.96871,0.0156635,0.0156265
7.24436e+06,0.965915,0.00296801,0.0311174
7.32825e+06,0.224571,0.574881,0.200549
7.4131e+06,0.894352,0.0241146,0.0815334
7.49894e+06,0.410208,0.478813,0.110979
7.58578e+06,0.940947,0.0514504,0.00760238
7.67361e+06,0.656174,0.23281,0.111016
7.76247e+06,0.597266,0.310889,0.091845
7.85236e+06,0.811094,0.155528,0.033378
7.94328e+06,0.637951,0.15717,0.204879
8.03526e+06,0.39619,0.469192,0.134617
8.12831e+06,0.417771,0.315464,0.266765
8.22243e+06,0.351399,0.40406,0.244541
8.31764e+06,0.50763,0.220938,0.271432
8.41395e+06,0.665733,0.151764,0.182503
8.51138e+06,0.825009,0.0411385,0.133852
8.60994e+06,0.898953,0.0265195,0.0745274
8.70964e+06,0.354094,0.305029,0.340877
8.81049e+06,0.306409,0.448583,0.245007
8.91251e+06,0.372838,0.289814,0.337348
9.01571e+06,0.729437,0.160051,0.110512
9.12011e+06,0.953747,0.0360199,0.0102331
9.22571e+06,0.709915,0.188149,0.101937
9.33254e+06,0.838424,0.140089,0.0214864
9.44061e+06,0.791763,0.11643,0.0918075
9.54993e+06,0.276187,0.494423,0.22939
9.66051e+06,0.454252,0.443033,0.102715
9.77237e+06,0.392414,0.299009,0.308577
9.88553e+06,0.785516,0.158746,0.0557377
